algorithm,reward_code,reward_mode,noise_code,sensor_noise_std,condition,seed,training_episodes,eval_episodes,eval_reward_mean,eval_reward_std,eval_reward_sem,crash_rate_pct,lap_completion_rate_pct,total_laps_completed,mean_laps_per_episode,distance_mean_px,distance_std_px,avg_length_steps,length_std_steps,avg_speed_px_step,speed_std_px_step,best_lap_time_s,avg_lap_time_s,max_training_reward,final_training_reward
TD3,R1,basic,N1,0.0,R1_N1,0,2000,20,30.000000000000295,3.645007325606123e-15,8.15048415854e-16,0.0,0.0,0,0.0,411.66386110994625,5.832011720969797e-14,600.0,0.0,0.6861064351832442,1.1390647892519134e-16,,,30.00000000000029,30.00000000000029
TD3,R1,basic,N1,0.0,R1_N1,42,2000,20,30.000000000000295,3.645007325606123e-15,8.15048415854e-16,0.0,0.0,0,0.0,844.4172015042143,1.1664023441939594e-13,600.0,0.0,1.4073620025070244,2.278129578503827e-16,,,30.00000000000029,30.00000000000029
TD3,R1,basic,N1,0.0,R1_N1,123,2000,20,30.000000000000295,3.645007325606123e-15,8.15048415854e-16,0.0,0.0,0,0.0,311.3627789285085,5.832011720969797e-14,600.0,0.0,0.5189379648808481,1.1390647892519134e-16,,,30.00000000000029,30.00000000000029
TD3,R1,basic,N2,0.02,R1_N2,0,2000,20,27.672500000000287,3.292394545327966,0.7362018012102844,0.0,0.0,0,0.0,115.13412164534948,3.6491857168472217,588.8,18.577292307375803,0.19565587860882977,0.006778668996387309,,,30.00000000000029,30.00000000000029
TD3,R1,basic,N2,0.02,R1_N2,42,2000,20,30.000000000000295,3.645007325606123e-15,8.15048415854e-16,0.0,0.0,0,0.0,987.9955953589695,12.000102554536683,600.0,0.0,1.6466593255982833,0.02000017092422778,,,30.00000000000029,30.00000000000029
TD3,R1,basic,N2,0.02,R1_N2,123,2000,20,26.33000000000025,7.544907658742322,1.6870926408906617,0.0,0.0,0,0.0,76.20154319949083,14.254945939724825,546.8,109.55633013972407,0.14030701783257954,0.009762770575404632,,,30.00000000000029,30.00000000000029
TD3,R1,basic,N3,0.05,R1_N3,0,2000,20,30.000000000000295,3.645007325606123e-15,8.15048415854e-16,0.0,0.0,0,0.0,95.40025944759836,2.730559390655931,600.0,0.0,0.15900043241266387,0.0045509323177598815,,,30.00000000000029,12.95000000000012
TD3,R1,basic,N3,0.05,R1_N3,42,2000,20,3.9499999999999913,9.112518314015307e-16,2.037621039635e-16,0.0,0.0,0,0.0,19.683570483240047,0.15539087939980467,180.0,0.0,0.10935316935133359,0.000863282663332232,,,30.00000000000029,23.800000000000274
TD3,R1,basic,N3,0.05,R1_N3,123,2000,20,30.000000000000295,3.645007325606123e-15,8.15048415854e-16,0.0,100.0,20,1.0,2995.4266224121666,20.595067771919563,600.0,0.0,4.992377704020277,0.03432511295319998,6.15,6.264166666666667,30.00000000000029,30.00000000000029
TD3,R2,shaped,N1,0.0,R2_N1,0,2000,20,119.56294616995402,2.9160058604848984e-14,6.520387326832e-15,0.0,0.0,0,0.0,727.7890591914826,1.1664023441939594e-13,600.0,0.0,1.2129817653191384,0.0,,,119.77301635190766,118.89929380931608
TD3,R2,shaped,N1,0.0,R2_N1,42,2000,20,118.66367332000951,0.0,0.0,0.0,0.0,0,0.0,959.4286551902933,0.0,600.0,0.0,1.5990477586504892,0.0,,,132.1333159608168,117.90256418027504
TD3,R2,shaped,N1,0.0,R2_N1,123,2000,20,119.46828557535314,0.0,0.0,0.0,0.0,0,0.0,445.3132590656185,0.0,600.0,0.0,0.7421887651093637,1.1390647892519134e-16,,,127.44871397173907,116.59139018258738
TD3,R2,shaped,N2,0.02,R2_N2,0,2000,20,119.45775525391495,0.02416569597854928,0.005403613893162949,0.0,0.0,0,0.0,141.0180908783196,1.3561658023227636,600.0,0.0,0.23503015146386602,0.0022602763372046248,,,122.87385432453425,3.1768838088174878
TD3,R2,shaped,N2,0.02,R2_N2,42,2000,20,117.79333165082303,1.2871640281215502,0.2878186265072237,0.0,0.0,0,0.0,164.61998559415932,2.889816144086822,600.0,0.0,0.2743666426569322,0.004816360240144733,,,119.59142002021001,117.69883804078103
TD3,R2,shaped,N2,0.02,R2_N2,123,2000,20,119.6057143629494,0.12976520824884238,0.0290163826758828,0.0,0.0,0,0.0,195.5462366001297,1.7999802713623405,600.0,0.0,0.3259103943335496,0.0029999671189373262,,,131.30653138772402,116.35687693172991
TD3,R2,shaped,N3,0.05,R2_N3,0,2000,20,118.77297534561683,0.17140631250163613,0.03832761665262304,0.0,0.0,0,0.0,587.20008115423,5.446445025768481,600.0,0.0,0.9786668019237166,0.009077408376280875,,,119.50047358806498,71.63230946050531
TD3,R2,shaped,N3,0.05,R2_N3,42,2000,20,119.805053262137,0.008213417829690818,0.001836576059479746,0.0,0.0,0,0.0,146.397299502324,1.601095801709552,600.0,0.0,0.24399549917053992,0.002668493002849233,,,119.67985443682777,118.56196165063939
TD3,R2,shaped,N3,0.05,R2_N3,123,2000,20,126.3078704240692,0.24289257561395627,0.05431243103028139,0.0,100.0,20,1.0,2984.707775122453,47.10867735365915,600.0,0.0,4.974512958537423,0.07851446225609969,6.1,6.340833333333333,130.7624395377858,119.55341151768074
TD3,R3,modified,N1,0.0,R3_N1,0,2000,20,172.78914714757175,2.9160058604848984e-14,6.520387326832e-15,0.0,100.0,20,1.0,3311.6337417677923,4.665609376775837e-13,600.0,0.0,5.519389569612995,9.112518314015307e-16,5.733333333333333,5.733333333333333,177.87701864202745,170.02794831906624
TD3,R3,modified,N1,0.0,R3_N1,42,2000,20,179.51437503240544,2.9160058604848984e-14,6.520387326832e-15,0.0,100.0,20,1.0,3178.6494239264407,4.665609376775837e-13,600.0,0.0,5.297749039877401,0.0,7.35,7.349999999999999,181.78146235217412,30.159232437603904
TD3,R3,modified,N1,0.0,R3_N1,123,2000,20,0.34384091291336727,0.0,0.0,0.0,0.0,0,0.0,0.0,0.0,180.0,0.0,0.0,0.0,,,179.1209511543617,97.84502485759066
TD3,R3,modified,N2,0.02,R3_N2,0,2000,20,158.55666727270665,0.17696219890787518,0.03956995062058479,0.0,0.0,0,0.0,556.6790369624501,3.8447989331237635,600.0,0.0,0.9277983949374168,0.006407998221872907,,,166.56407927603635,156.07488391038166
TD3,R3,modified,N2,0.02,R3_N2,42,2000,20,178.54140163294002,0.34729670058661916,0.07765790308730715,0.0,100.0,20,1.0,2521.210718468933,27.38105223379435,600.0,0.0,4.202017864114888,0.04563508705632297,8.85,9.075000000000001,181.18443944804238,158.24526942356934
TD3,R3,modified,N2,0.02,R3_N2,123,2000,20,153.94639631552917,0.03867819468168385,0.008648707255521592,0.0,0.0,0,0.0,126.16796864246756,1.8500599463960958,600.0,0.0,0.2102799477374459,0.00308343324399349,,,177.7409170072152,175.61127066153486
TD3,R3,modified,N3,0.05,R3_N3,0,2000,20,182.29644106571337,0.14422760083527036,0.032250271969936996,0.0,100.0,20,1.0,2786.295762724167,18.501172183813793,600.0,0.0,4.643826271206946,0.030835286973021975,8.7,8.825833333333332,182.00487367928903,159.6516227995994
TD3,R3,modified,N3,0.05,R3_N3,42,2000,20,152.39004530747602,27.245151696350103,6.092201125033253,10.0,0.0,0,0.0,1034.2914228642046,182.64879860418907,569.05,95.3119393857542,1.8130214397931503,0.039326255788654056,,,177.39493116897367,159.84843050560752
TD3,R3,modified,N3,0.05,R3_N3,123,2000,20,156.48202532431498,0.16741155220680062,0.03743436109531611,0.0,0.0,0,0.0,509.74687633480187,3.8652515783500476,600.0,0.0,0.8495781272246699,0.006442085963916765,,,161.9010504604125,157.22455660083762
TD3,R4,tuned,N1,0.0,R4_N1,0,2000,20,255.07871126532092,2.9160058604848984e-14,6.520387326832e-15,0.0,100.0,20,1.0,3021.626187665309,4.665609376775837e-13,600.0,0.0,5.036043646108849,0.0,6.516666666666667,6.5166666666666675,261.89737230780815,235.09983443396771
TD3,R4,tuned,N1,0.0,R4_N1,42,2000,20,262.61581443296393,0.0,0.0,0.0,100.0,20,1.0,3311.6728391632846,4.665609376775837e-13,600.0,0.0,5.519454731938803,9.112518314015307e-16,5.783333333333333,5.783333333333333,263.9458334037738,262.0539301326626
TD3,R4,tuned,N1,0.0,R4_N1,123,2000,20,258.3671826727578,0.0,0.0,0.0,100.0,20,1.0,3187.37030135237,0.0,600.0,0.0,5.312283835587283,9.112518314015307e-16,7.633333333333334,7.633333333333333,263.8809824220946,254.29578099006963
TD3,R4,tuned,N2,0.02,R4_N2,0,2000,20,232.10277751406065,33.80755741108933,7.5595996524422535,10.0,0.0,0,0.0,1579.4002243975046,288.77874263305654,574.35,78.94920085592682,2.724434613792277,0.2019077905333311,,,266.119905516255,236.90772357807668
TD3,R4,tuned,N2,0.02,R4_N2,42,2000,20,209.14391114882665,66.20402779336786,14.803670653025591,10.0,0.0,0,0.0,369.05905898198387,68.48302239651903,545.1,168.97894605697573,0.9223616295530496,0.8332501372712748,,,258.98116570237295,237.0440760525808
TD3,R4,tuned,N2,0.02,R4_N2,123,2000,20,216.1653499760816,41.351022452635014,9.246369714321197,25.0,0.0,0,0.0,806.4096880937392,131.2822400071254,560.7,103.74518378168086,1.4579311692182482,0.15171096360840391,,,264.79038374751224,223.54227265042175
TD3,R4,tuned,N3,0.05,R4_N3,0,2000,20,235.82425984946536,52.90131684682523,11.829094056875604,20.0,80.0,16,0.8,2580.7225536700976,486.59998181699916,547.25,108.66504546202131,4.729279987256265,0.07503124530446592,8.316666666666666,8.397916666666667,266.52035874163363,84.57832017444788
TD3,R4,tuned,N3,0.05,R4_N3,42,2000,20,250.61791201704045,55.694515107006296,12.453672175315505,5.0,95.0,19,0.95,2887.232069515528,639.9482585269083,572.45,123.20734556023842,4.9716688697954785,0.3542956009201544,7.466666666666667,7.621052631578946,264.26307828017457,255.60024708217088
TD3,R4,tuned,N3,0.05,R4_N3,123,2000,20,129.66964981010682,69.25849032546903,15.486669238676027,70.0,0.0,0,0.0,292.41039970632846,86.24531730242667,344.95,172.20473586005576,0.9187423600817658,0.1531816848667826,,,232.223308401465,230.95346891167443
DDPG,R1,basic,N1,0.0,R1_N1,0,2000,20,2.399999999999982,4.556259157007654e-16,1.0188105198175e-16,100.0,0.0,0,0.0,158.50204867893353,0.0,149.0,0.0,1.0637721387847887,0.0,,,30.00000000000029,7.3500000000000405
DDPG,R1,basic,N1,0.0,R1_N1,42,2000,20,24.45000000000028,3.645007325606123e-15,8.15048415854e-16,0.0,0.0,0,0.0,599.8665741089155,1.1664023441939594e-13,590.0,0.0,1.0167230069642634,2.278129578503827e-16,,,30.00000000000029,30.00000000000029
DDPG,R1,basic,N1,0.0,R1_N1,123,2000,20,20.250000000000224,0.0,0.0,0.0,0.0,0,0.0,79.70155023173204,1.4580029302424492e-14,506.0,0.0,0.1575129451220002,2.8476619731297836e-17,,,30.00000000000029,3.3999999999999844
DDPG,R1,basic,N2,0.02,R1_N2,0,2000,20,30.000000000000295,3.645007325606123e-15,8.15048415854e-16,0.0,0.0,0,0.0,767.7681349823476,19.977633686892737,600.0,0.0,1.2796135583039123,0.03329605614482133,,,30.00000000000029,3.949999999999992
DDPG,R1,basic,N2,0.02,R1_N2,42,2000,20,30.000000000000295,3.645007325606123e-15,8.15048415854e-16,0.0,0.0,0,0.0,50.691774984583944,6.724138980603149,600.0,0.0,0.08448629164097324,0.011206898301005238,,,30.00000000000029,-3.7499999999999996
DDPG,R1,basic,N2,0.02,R1_N2,123,2000,20,23.597500000000235,9.372418591972917,2.0957365085234305,45.0,0.0,0,0.0,951.9486108447788,359.82089595139706,517.4,151.06094970678487,1.8233412724938742,0.3229440225207491,,,30.00000000000029,1.499999999999985
DDPG,R1,basic,N3,0.05,R1_N3,0,2000,20,8.242500000000058,6.259482806111128,1.3996629058455619,15.0,0.0,0,0.0,70.81699713512475,121.1569190073626,260.8,107.49962056236586,0.2464820667705805,0.3370852924655203,,,30.00000000000029,30.00000000000029
DDPG,R1,basic,N3,0.05,R1_N3,42,2000,20,3.9499999999999913,9.112518314015307e-16,2.037621039635e-16,0.0,0.0,0,0.0,19.683570483240047,0.15539087939980467,180.0,0.0,0.10935316935133359,0.000863282663332232,,,30.00000000000029,-2.5500000000000007
DDPG,R1,basic,N3,0.05,R1_N3,123,2000,20,30.000000000000295,3.645007325606123e-15,8.15048415854e-16,0.0,0.0,0,0.0,222.33058795085736,9.7761762032391,600.0,0.0,0.3705509799180957,0.01629362700539848,,,30.00000000000029,3.949999999999992
DDPG,R2,shaped,N1,0.0,R2_N1,0,2000,20,98.71534279264299,1.4580029302424492e-14,3.260193663416e-15,100.0,0.0,0,0.0,691.8864697068494,0.0,532.0,0.0,1.300538476892574,2.278129578503827e-16,,,129.94172800964256,48.25003381887872
DDPG,R2,shaped,N1,0.0,R2_N1,42,2000,20,129.66272824722643,0.0,0.0,0.0,100.0,20,1.0,2169.6096292870957,4.665609376775837e-13,600.0,0.0,3.616016048811825,4.556259157007654e-16,9.516666666666667,9.51666666666667,136.1852362247177,13.41981490149755
DDPG,R2,shaped,N1,0.0,R2_N1,123,2000,20,3.508157065684915,9.112518314015307e-16,2.037621039635e-16,100.0,0.0,0,0.0,95.95015544907463,1.4580029302424492e-14,45.0,0.0,2.1322256766461023,4.556259157007654e-16,,,131.76709132309165,126.43040538155118
DDPG,R2,shaped,N2,0.02,R2_N2,0,2000,20,63.85227957889841,2.0567139450229677,0.4598952191343121,0.0,0.0,0,0.0,80.14649962344453,0.8498509038626236,600.0,0.0,0.13357749937240754,0.0014164181731043262,,,157.95057106226898,21.18502420821043
DDPG,R2,shaped,N2,0.02,R2_N2,42,2000,20,3.9405564324104816,3.253234591950074e-05,7.274453694354155e-06,0.0,0.0,0,0.0,19.623833836628535,0.09344730485096742,180.0,0.0,0.10902129909238074,0.0005191516936164836,,,130.1864226311669,113.93336725644924
DDPG,R2,shaped,N2,0.02,R2_N2,123,2000,20,88.79552091129375,39.67913450189188,8.87252420345875,35.0,0.0,0,0.0,515.6497115554364,153.3813994906944,466.05,191.3892355219703,1.2094627853426565,0.27518212181824897,,,122.02051006040122,10.02890132858768
DDPG,R2,shaped,N3,0.05,R2_N3,0,2000,20,46.959271749011364,35.42859289654093,7.922074206383169,100.0,0.0,0,0.0,698.1382890219278,623.8839400764824,273.25,185.8524811156475,2.2064906814313954,0.5487825120961453,,,127.57079625504991,63.95606840407078
DDPG,R2,shaped,N3,0.05,R2_N3,42,2000,20,3.9404544600059013,7.826686168556936e-05,1.7501002311450684e-05,0.0,0.0,0,0.0,19.683570483240047,0.15539087939980467,180.0,0.0,0.10935316935133359,0.000863282663332232,,,119.13250899996956,75.56966080306753
DDPG,R2,shaped,N3,0.05,R2_N3,123,2000,20,92.3665223901815,27.79885342614837,6.216012595742068,55.00000000000001,0.0,0,0.0,818.3698324625161,253.39386040184988,486.5,132.58066065210028,1.6916266178361894,0.2879975235513558,,,119.40702088398997,20.93271190702869
DDPG,R3,modified,N1,0.0,R3_N1,0,2000,20,51.97309814987441,0.0,0.0,0.0,0.0,0,0.0,474.920856058973,1.1664023441939594e-13,380.0,0.0,1.2497917264709826,2.278129578503827e-16,,,179.22134193096582,85.29997840715846
DDPG,R3,modified,N1,0.0,R3_N1,42,2000,20,76.47694852211504,1.4580029302424492e-14,3.260193663416e-15,100.0,0.0,0,0.0,1102.659316319769,0.0,321.0,0.0,3.4350757517749813,0.0,,,175.34690355279878,147.55189734615556
DDPG,R3,modified,N1,0.0,R3_N1,123,2000,20,103.56791651617341,1.4580029302424492e-14,3.260193663416e-15,100.0,0.0,0,0.0,1119.139896426528,0.0,442.0,0.0,2.531990715897122,4.556259157007654e-16,,,172.1676499792187,97.0860519718279
DDPG,R3,modified,N2,0.02,R3_N2,0,2000,20,163.8088660747573,0.3955415052519461,0.08844576936659415,0.0,0.0,0,0.0,2070.5823297608513,53.223075370517506,600.0,0.0,3.4509705496014176,0.08870512561752865,,,180.21268855641074,159.1771994238239
DDPG,R3,modified,N2,0.02,R3_N2,42,2000,20,117.90687339885679,50.34396357593222,11.257252481255783,65.0,40.0,8,0.4,1926.3578533548855,819.6920934944271,434.05,153.09937433266222,4.314664571301466,0.42733671123780337,7.75,8.435416666666667,178.77981198354766,25.217100748881013
DDPG,R3,modified,N2,0.02,R3_N2,123,2000,20,128.05290365975625,60.28655967315915,13.480484555878135,20.0,5.0,1,0.05,1848.928151358977,856.419113312567,493.1,219.35717089042842,3.58927781857527,0.4046310655980417,9.916666666666666,9.916666666666666,181.86463884277194,158.7086524297621
DDPG,R3,modified,N3,0.05,R3_N3,0,2000,20,147.1113867825675,44.04951843950188,9.849771760685666,10.0,0.0,0,0.0,1722.9339525590526,516.8223607789089,548.85,157.4364617033939,3.164701917042774,0.311411435795686,,,179.5386508521224,12.241483294537868
DDPG,R3,modified,N3,0.05,R3_N3,42,2000,20,0.5088409606378093,0.001361307365977942,0.00030439758085978625,0.0,0.0,0,0.0,19.61434211084775,0.17777557165696886,180.0,0.0,0.10896856728248752,0.0009876420647609097,,,177.7076476126503,146.8834480878401
DDPG,R3,modified,N3,0.05,R3_N3,123,2000,20,151.48760948427855,20.835178861833423,4.658887625842623,55.00000000000001,55.00000000000001,11,0.55,2485.9507039422683,267.84543685694416,553.85,48.26928302979573,4.4959061246546534,0.3634710646201477,7.583333333333333,8.643939393939393,179.14500171342777,33.84763426243023
DDPG,R4,tuned,N1,0.0,R4_N1,0,2000,20,7.289490910127985,9.112518314015307e-16,2.037621039635e-16,100.0,0.0,0,0.0,104.43336303774997,1.4580029302424492e-14,34.0,0.0,3.071569501110292,9.112518314015307e-16,,,259.620655981499,178.91060547876623
DDPG,R4,tuned,N1,0.0,R4_N1,42,2000,20,260.2060616368648,5.832011720969797e-14,1.3040774653664e-14,0.0,100.0,20,1.0,2742.099022500531,4.665609376775837e-13,600.0,0.0,4.570165037500884,0.0,8.75,8.75,266.2566533320459,233.56823194566874
DDPG,R4,tuned,N1,0.0,R4_N1,123,2000,20,182.7079775081394,2.9160058604848984e-14,6.520387326832e-15,100.0,0.0,0,0.0,1984.7326878497508,4.665609376775837e-13,475.0,0.0,4.178384605999472,9.112518314015307e-16,,,257.0987646830296,13.817674900662645
DDPG,R4,tuned,N2,0.02,R4_N2,0,2000,20,131.81656027972397,109.86863169759643,24.567372907071373,60.0,40.0,8,0.4,1409.3279241467678,1158.442220283563,313.1,240.55416284728452,4.274680226434099,0.35259858560847573,8.4,8.4875,265.03426128661994,31.086433170782286
DDPG,R4,tuned,N2,0.02,R4_N2,42,2000,20,94.34232131916278,58.277603327099065,13.031268260516141,90.0,5.0,1,0.05,1165.8790304704828,604.2556066546936,243.55,137.29586761136656,4.8738242749845835,0.32757594551706065,7.816666666666666,7.816666666666666,263.89969394148704,163.4520114726541
DDPG,R4,tuned,N2,0.02,R4_N2,123,2000,20,155.36128603031239,47.28817692141011,10.573957812830974,80.0,0.0,0,0.0,748.0665529309468,198.19997900210583,431.65,121.27145496560055,1.749300356766053,0.1086000926618065,,,260.24771405425207,17.438974564878812
DDPG,R4,tuned,N3,0.05,R4_N3,0,2000,20,210.9731350507609,85.06180196848398,19.020397149015558,45.0,80.0,16,0.8,2324.955779968566,927.0215929724642,490.8,186.4382499720258,4.633973694405767,0.2988734427993852,7.783333333333333,7.9541666666666675,264.59311626711514,18.710913837966146
DDPG,R4,tuned,N3,0.05,R4_N3,42,2000,20,2.399299086314094,0.0019502237505256842,0.0004360832877510021,0.0,0.0,0,0.0,19.683570483240047,0.15539087939980467,180.0,0.0,0.10935316935133359,0.000863282663332232,,,259.91304043846804,22.699471440445983
DDPG,R4,tuned,N3,0.05,R4_N3,123,2000,20,126.68977566744698,102.10446725051777,22.831252957855877,75.0,40.0,8,0.4,1483.1497100358329,1175.5547433788822,302.3,221.09252647513415,4.627390938181413,0.44256383910634306,7.7,7.737500000000001,264.2911095048999,249.0223193847477
